아이폰 13 256GB [자급제],"1,100,000원",https://cr.shopping.naver.com/adcr.nhn?x=3KNmJLBFu7y08Rv8hhJJV%2F%2F%2F%2Fw%3D%3Dso5cuTHqydO157LZIHktVArpQ1Q4D7%2BVlwz0a5mnNpLxhJz9H0Ub4KLvuVTVtNMxM9%2FvmMCGVVvSnoiDPvhZLm598k1uvEIxswhmbKWsY7R%2FAJzOvmDnqmDzJzHW5np2%2BlSJIkTuyt%2FggGxpAbLChGMi30QtKP1mA7BYZPpxeJLexWvZfe2todmJfmpbNrXnqXKJBKazWTMr3TF%2BX7oeAGbix7jXt7MNVc9AIu4EfDZlNEwRr%2B3STfYHGn%2FB5b3e4RG3lqS1W%2BBzlwmvt%2FtNuzBBO3RA6y4v5%2BVXwmhP2R1cQhkkHXK4%2FmSRy5icYE%2F27ZC%2BSXUxwyLUckntucAABtf3GS%2BOE7XKdfPyV4jp4ipA6JIeyjRJJG8AQSjlBThBKRuaDR2LrEXFDwvTptY5wkd42zEVOHkRt1m9hvixzMvciNvEAyH7XT6ObGe95mRdUsw%2FEBFoDxdMAZ4HSpGP%2F1sbbTrOhMmQpEkp4UEtzKmSE4FQdvRmo7oxOSvwywmch%2BPn%2F0%2FsFFiwjT7S5BsR0Ew6o2XhEqbGpW%2B31ACtV4MMNauEcRynSn%2F8orOK7nc90YVfNWc1ovBNRzB7ltHIA48IXLSnykJet6trmadHFKf3Njqh%2FZemCCOboDhnweAmG&nvMid=29029192591&catId=50001519
아이폰 13 미니 128GB [자급제],"787,000원",https://cr.shopping.naver.com/adcr.nhn?x=rtqmzG0H1ajXEebDS3be%2FP%2F%2F%2Fw%3D%3DsxdhZ9l4riuj6FPcJckU6O9eRER6N3X5wiRptIyGSyb1hJz9H0Ub4KLvuVTVtNMxMkwg8l7HhnYbsRQitAM2Rb598k1uvEIxswhmbKWsY7R%2FAJzOvmDnqmDzJzHW5np2%2BlSJIkTuyt%2FggGxpAbLChGMi30QtKP1mA7BYZPpxeJLexWvZfe2todmJfmpbNrXnq2drsUEzev9hA0cDt%2BuxFM7ix7jXt7MNVc9AIu4EfDZlNEwRr%2B3STfYHGn%2FB5b3e4RG3lqS1W%2BBzlwmvt%2FtNuzBBO3RA6y4v5%2BVXwmhP2R1cQhkkHXK4%2FmSRy5icYE%2F27BW36r4QZshREfg%2B3vq7RNlfpXGVJMJCD9U%2FPUv9XZYY6JIeyjRJJG8AQSjlBThBKRuaDR2LrEXFDwvTptY5wkcYqO5oldvJYwA5gmzBmIm8iNvEAyH7XT6ObGe95mRdUsw%2FEBFoDxdMAZ4HSpGP%2F1rj13FcqfSWDfp5diy8RVZgi5HSrzhhCOMWuXdZxvGXvk9L6rt0SOVsUsc5EylGdlThkGRDWY7a6PWNesEc3QpGUy967mlSa3mZfqZTLi6DqpuWmPUn4omDthcd%2BJi5EGunl%2FvzkunQunpQNdd%2FLdIBvU2Y6hEEwGxc1AZfON9sL4VRAH%2BsMDObarUodGweR8Q%3D%3D&nvMid=29030650586&catId=50001519
아이폰 13 미니 256GB [자급제],"1,398,490원",https://cr.shopping.naver.com/adcr.nhn?x=4dGj7EB0sJ8uaTYOJ01%2Frf%2F%2F%2Fw%3D%3DshiVOUIf1PFjcUxPxr8mJfGw%2FCaQfhGU2Cf24fqjXeWcbsBKbbjTB%2BBCjsLv6tz%2BjMQ6GlGotDQaMkuB44LcUVFtdvXT2JQY9pEWjIzohht%2ByrTll%2BKl0CTSkz1vIC4GdSdk6%2B1BExpNpKpazKqt4DEgAn8lD2%2BxrgblrBqYwPdWug%2B9sjA7rHdeMLkY%2BwIMUdRFHqaZwu7z86DCBOMgIITQZD6UDT51Dg8nNb9lI8fV%2BFLPJmN7kd5F0maTGsL0cDkcw4Z3Wr5a8mnMGkKMyzK%2BpHLMIpPxfzLcIJvDr%2BZOk6v2w9jBqMGR4TTsgYaQnlII%2ByYYqWVu3SSXxcjEJdHCpjSg%2BdftLvbs8Jq7XVGNqLzcRVswO%2FNXTrA15l4GNbF4OZVL2Q%2FcwuxYvViSTh3ghBdD6NT46gqzIKGQccHmcPfwzF9ktWcxdrcTtO8KUh7eRXhvx%2B18MP%2FzLgC0qJby0W5mjv%2Fw8F%2Fs1QNhsn6h1I8EDCh5n2RBrPUf%2BYM4BX8a%2FHvPOPEuDd1Ce%2FzZYNSbBgkhe%2BMAtRGf7ERu%2BfROHpimrFutcRYtfKCq8TzsD%2BgtF15PMkmjkNDmi88yMRTiqVw9S%2Bi%2Bjaasm%2BIi1dai8uuKx2lWqXX9cpC0sVk%2BDHRyPBWbUFRhWScTsgQynPg%3D%3D&nvMid=29030437590&catId=50001519
아이폰 13 미니 512GB [자급제],"1,200,000원",https://cr.shopping.naver.com/adcr.nhn?x=FTXK2lfYZBDxZDsj80WTYf%2F%2F%2Fw%3D%3DsXRSuh%2BSBsMD9hGUimWxosqmkJ6NfCTcu4%2FvMklG6NjphJz9H0Ub4KLvuVTVtNMxMxWbKQs4X45oSqBEHgDtxgZ98k1uvEIxswhmbKWsY7R%2FAJzOvmDnqmDzJzHW5np2%2BlSJIkTuyt%2FggGxpAbLChGMi30QtKP1mA7BYZPpxeJLexWvZfe2todmJfmpbNrXnqsbuGkiliGuKFQrhO3KCkYbix7jXt7MNVc9AIu4EfDZlNEwRr%2B3STfYHGn%2FB5b3e4RG3lqS1W%2BBzlwmvt%2FtNuzBBO3RA6y4v5%2BVXwmhP2R1cQhkkHXK4%2FmSRy5icYE%2F27ZC%2BSXUxwyLUckntucAABtfOZwkhh6VcPGWyga%2BVfs946JIeyjRJJG8AQSjlBThBKRuaDR2LrEXFDwvTptY5wkW1vE3HBqpVXRG1fozyUV1ciNvEAyH7XT6ObGe95mRdUsw%2FEBFoDxdMAZ4HSpGP%2F1i2cRib7F8Pc4inM8ETvoQ8i5HSrzhhCOMWuXdZxvGXvk9L6rt0SOVsUsc5EylGdlUL0f2aXpEA6tPd%2BiFBhNje67qFZNDARYcZkRQNTwYwpn3Af24KJVx3t5woVjGQGl6Ae30jDUTmG4UY%2B%2BEnM7is6HJZQgjI8VSlbO1R88zJ2DVCYCaeglF2rgr1u2OQIzQ%3D%3D&nvMid=29030296587&catId=50001519
아이폰 13 128GB [자급제],"1,199,990원",https://cr.shopping.naver.com/adcr.nhn?x=TZqp5my3BGfKBXt9ldeaAf%2F%2F%2Fw%3D%3Ds9ii8QHMZ86xDtDq6Vbt9dJDz1snn0JBRso%2FhkSrC2fdhJz9H0Ub4KLvuVTVtNMxMtPwzA3sGGYG8RSzzlg5yIp98k1uvEIxswhmbKWsY7R%2FAJzOvmDnqmDzJzHW5np2%2BlSJIkTuyt%2FggGxpAbLChGMi30QtKP1mA7BYZPpxeJLexWvZfe2todmJfmpbNrXnqNGdmVqT0qJ11casXr%2FJUjrix7jXt7MNVc9AIu4EfDZlNEwRr%2B3STfYHGn%2FB5b3e4RG3lqS1W%2BBzlwmvt%2FtNuzBBO3RA6y4v5%2BVXwmhP2R1cQhkkHXK4%2FmSRy5icYE%2F27BW36r4QZshREfg%2B3vq7RNoupmKwXcJl2B1RaO23xWQ86JIeyjRJJG8AQSjlBThBKRuaDR2LrEXFDwvTptY5wkYlqjdwzO%2FwaMzYHXwUxQCkiNvEAyH7XT6ObGe95mRdUsw%2FEBFoDxdMAZ4HSpGP%2F1pKTb8buH5c0P7SGbDtxloeE4FQdvRmo7oxOSvwywmchv2RrNvQoxhdtPAq%2B9LODbfHkavWKBlTahMV6qkBIzGMNauEcRynSn%2F8orOK7nc90U7UZ5mJK7fANQFN1Cv2gCV11EK%2FX21DV2SlwTA3TYkzNjqh%2FZemCCOboDhnweAmG&nvMid=29030374587&catId=50001519
아이폰 13 프로 128GB [자급제],"1,649,990원",https://cr.shopping.naver.com/adcr.nhn?x=76%2FRydiTN7rItyYd6Jfizf%2F%2F%2Fw%3D%3DsVk42toNO3VOlWHmnW%2BRHNOAQ6WnfAQQ%2BNMUeeUsBlAxWQE1WikGGRjsm7ORTamZ71IQEX7u1mSMN%2F9v1pLobW%2BMCM9OubBVdOnUmLev%2BV0sSbz9%2FlrwPBdEb5FILKbHZ%2FjyoDCqtTVOVAjP6iUqA4EPg%2F6PYJW9LpCSumzPJoiiI9aZyW4hhCgmcrsQhWGWGwdrQOP9pRsgL9Xzjs9Fyk%2FKAXVfyDB1yTbVYYpYzcFnUHxlEatbmVq7jmztE%2FywsPDHGV3HDG2Suw9RrttO2AtstajnLQRWnGlOOlt9%2FpKgHs%2F2PHkpmvWjL2qy1nHub3jAKEmY3j%2BxapVFxGym27vE%2FzEXJOQxnMJ9CZYsDeKpKjRp2D9pkBhcJdqPQCXkTMM1plBQtkhaEWAH4rmffCEz8BARFBBPVFkyPgtEG0EgLSv5SYzis5SVdiBAX6a8RKlG0H56J6GhRAoCVIyo%2FGdk1xvoMK6DU755KCZVIEumZZd0C6e2Zyps4U6T5DErBvcQeIaAGIIQRnJcrzv7qxdeWD7I4vBImF73Zv%2FUe1KNP4PMPHCnudPTZjGRUD3iUVbX%2BbO9eE5nQRgY3VKHCdiJyLiXb8TQYKMy4tRaoC79WhZ3SMHTcLlpircdRzUgq1JIslBmdxaTx7xO1%2BPPoWw%3D%3D&nvMid=29030420587&catId=50001519
아이폰 13 프로 맥스 256GB [자급제],"1,810,000원",https://cr.shopping.naver.com/adcr.nhn?x=VDymVz1H4l3WW77zBTs%2Fdv%2F%2F%2Fw%3D%3Dsu9wqilcUzb4KHgm%2BhEV6m1zA7FSP260QOi4y8iV9BnlWQE1WikGGRjsm7ORTamZ7pLlH6FOlMybLED5%2BbdsU%2F%2BMCM9OubBVdOnUmLev%2BV0sSbz9%2FlrwPBdEb5FILKbHZ%2FjyoDCqtTVOVAjP6iUqA4EPg%2F6PYJW9LpCSumzPJoiiI9aZyW4hhCgmcrsQhWGWGGRvm2iC%2BAsbJBoGpPZJZjPKAXVfyDB1yTbVYYpYzcFnUHxlEatbmVq7jmztE%2FywsPDHGV3HDG2Suw9RrttO2AtstajnLQRWnGlOOlt9%2FpKgHs%2F2PHkpmvWjL2qy1nHubCdiF5%2B4HumI6NkKH0Mah%2BnMJDTEwXJzYV3tWlbXaYnVKjRp2D9pkBhcJdqPQCXkTK1s3piY0W43aIWUe83IvQj7sbyFHJqYOcBbuxBSuRu0LSv5SYzis5SVdiBAX6a8RKlG0H56J6GhRAoCVIyo%2FGe1iJjqSOPOSdnx5b1oBHB4PVL%2B%2Frl5PLPXtI0kaP8PkmKdeEMdUbtmzDI4Aa7HQcZCzs9h0%2F04dxB3j756UcCrbGIaXCsjobVMQ4airVtefjr%2Fvhuz%2FM2bOeEg7k3nONaaid2SJ%2BoaODBg3bYz2CN4VsNgI5v4TtHiMPnCcW5w0gqgOvq6z5EpEI5N2xav1Mg%3D%3D&nvMid=29030294588&catId=50001519
아이폰 13 프로 256GB [자급제],"1,744,200원",https://cr.shopping.naver.com/adcr.nhn?x=Q5Xg6CJYM72AoSKPdCBWZf%2F%2F%2Fw%3D%3DsM8CrEX2QHk0arsSN7HbZs3IN0Ejz7F3D6m4OnECupTEbsBKbbjTB%2BBCjsLv6tz%2BjahhAt36hPlsA%2FHt5E0qIENC5ypRyzKchfVw%2BYZNYMfKyrTll%2BKl0CTSkz1vIC4GdSdk6%2B1BExpNpKpazKqt4DEgAn8lD2%2BxrgblrBqYwPdWug%2B9sjA7rHdeMLkY%2BwIMUBoJ3D2%2FUDVKv9Br5lu%2FNPDQZD6UDT51Dg8nNb9lI8fV%2BFLPJmN7kd5F0maTGsL0cDkcw4Z3Wr5a8mnMGkKMyzK%2BpHLMIpPxfzLcIJvDr%2BZOk6v2w9jBqMGR4TTsgYaQnlII%2ByYYqWVu3SSXxcjEJdAYDAV1kvv%2Fiz%2BiENfzax2lqLzcRVswO%2FNXTrA15l4GNbF4OZVL2Q%2FcwuxYvViSTh0E9aMCpk%2FCUyAqM9nV%2BMhucPfwzF9ktWcxdrcTtO8KUh7eRXhvx%2B18MP%2FzLgC0qJXTg%2FsEJVpHzqP6kybO7iXl1I8EDCh5n2RBrPUf%2BYM4BX8a%2FHvPOPEuDd1Ce%2FzZYNcECZlDtGqLI6HkBUAXh8mpOQkYHFWjrljTGahQIAHod%2BgtF15PMkmjkNDmi88yMRU2g1LMhHq5xhCNu4VrwY8a8uuKx2lWqXX9cpC0sVk%2BDHRyPBWbUFRhWScTsgQynPg%3D%3D&nvMid=29030492586&catId=50001519
아이폰 13 프로 1TB [자급제],"1,760,000원",https://cr.shopping.naver.com/adcr.nhn?x=NrV0oa6v4A9CkNW%2BPzhj3P%2F%2F%2Fw%3D%3DsYRo6bq1%2FXRpvioAvmB3UwOFspVPYqX0t88YZymX8XhRhJz9H0Ub4KLvuVTVtNMxMQB6PKiD%2BXeGZdeK3l8Bh5Z98k1uvEIxswhmbKWsY7R%2FAJzOvmDnqmDzJzHW5np2%2BlSJIkTuyt%2FggGxpAbLChGMi30QtKP1mA7BYZPpxeJLexWvZfe2todmJfmpbNrXnqM3WLqq0EN7lRPuVNhhc%2BTLix7jXt7MNVc9AIu4EfDZlNEwRr%2B3STfYHGn%2FB5b3e4RG3lqS1W%2BBzlwmvt%2FtNuzBBO3RA6y4v5%2BVXwmhP2R1cQhkkHXK4%2FmSRy5icYE%2F27BW36r4QZshREfg%2B3vq7RNuMJLPcrtl%2FC7q9SX52sNJw6JIeyjRJJG8AQSjlBThBKRuaDR2LrEXFDwvTptY5wkVujK8JsjkX5vbThvszTSdkiNvEAyH7XT6ObGe95mRdUsw%2FEBFoDxdMAZ4HSpGP%2F1tWAoDzpqjivMYNewfUaVH5D%2FkFMO4s7sTx4sbc7XXXQvaOjGxMtdSZf0nL3LrxHbAB4WpogJdS3idiERco1qQvC0hiHfmfzmAI0X1cC502Ka8sniWpNpamEJNe0IQ1DgCWkAjGkk%2FoXAbiror9F1wYDfkLIyuldBS3f8m8e6nLmzUhNzs2VE%2B%2Bisqs3JAEppg%3D%3D&nvMid=29029192588&catId=50001519
Apple 아이폰 13 미니 128GB [LG U+],"199,600원",https://cr.shopping.naver.com/adcr.nhn?x=kfwRYV%2B2z3hNJAv5s%2FBDhP%2F%2F%2Fw%3D%3DsW3DT2gco%2BCWRP4HvN%2FNk8Z9Wo0tz2ROQu2ntOunKwYwbsBKbbjTB%2BBCjsLv6tz%2Bjr1y7eZgo7VIkspwRpUZI%2BsMhLichz7oGV1Fuhbp7mCyyrTll%2BKl0CTSkz1vIC4GdSdk6%2B1BExpNpKpazKqt4DEgAn8lD2%2BxrgblrBqYwPdWug%2B9sjA7rHdeMLkY%2BwIMU7xzpl%2BlOYhq%2F8o1%2FuLVZdjQZD6UDT51Dg8nNb9lI8fV%2BFLPJmN7kd5F0maTGsL0cDkcw4Z3Wr5a8mnMGkKMyzK%2BpHLMIpPxfzLcIJvDr%2BZOk6v2w9jBqMGR4TTsgYaQnlII%2ByYYqWVu3SSXxcjEJdJowGSeVN%2BgdXI9B5KMsj3FqLzcRVswO%2FNXTrA15l4GNYd6P7bKnf6IN9iERvhRLC20dDnOIfR1s4DQoYd1bS26cPfwzF9ktWcxdrcTtO8KUh7eRXhvx%2B18MP%2FzLgC0qJUfTmu80PPs%2FMBPhnIzy5qsHyKwMIinsXLRIwPAEQA4X2UjohpK7sZyY83SOIj%2FwoJZyDLI1XpHwSfQ7Yaq5xdjC0hiHfmfzmAI0X1cC502KYX%2BM1FAz4mN7L2fGUTypAvyhU3tfU1jVNw3w4Sx%2BJcFvU2Y6hEEwGxc1AZfON9sL4VRAH%2BsMDObarUodGweR8Q%3D%3D&nvMid=29030431586&catId=50000248
아이폰 13 미니 128GB [SKT],"330,000원",https://cr.shopping.naver.com/adcr.nhn?x=6%2Fn7LdkHSVN6C9%2BORpIRFP%2F%2F%2Fw%3D%3DseTn%2FisO7FDA%2F9h%2FYXqdYNxuCBDd0zaNq91BpFpE5MBYbsBKbbjTB%2BBCjsLv6tz%2BjlnMbFVXzX418rD1jyteYabEut23VA7Vki06sjpDfcY%2ByrTll%2BKl0CTSkz1vIC4GdSdk6%2B1BExpNpKpazKqt4DEgAn8lD2%2BxrgblrBqYwPdWug%2B9sjA7rHdeMLkY%2BwIMUn1m6eFhOB2lnAh4aS7SkyTQZD6UDT51Dg8nNb9lI8fV%2BFLPJmN7kd5F0maTGsL0cDkcw4Z3Wr5a8mnMGkKMyzK%2BpHLMIpPxfzLcIJvDr%2BZOk6v2w9jBqMGR4TTsgYaQnlII%2ByYYqWVu3SSXxcjEJdKMvk9%2FgUXIW4yaI%2BOSL%2BJNqLzcRVswO%2FNXTrA15l4GNFyyVPHjR4EOTd9rXfncZK5VQAeSiCnudREpNHMprBVScPfwzF9ktWcxdrcTtO8KUh7eRXhvx%2B18MP%2FzLgC0qJUfTmu80PPs%2FMBPhnIzy5qvjsOV%2FxLZA4ul3tncgLkO%2BH3BqKb4lk7c6DGhSKbGJGuJRtQpPZEH%2FvL7yVM%2BwKEVRN64mBm9G8QruBkLDcHT64WOkMDepZ2NhJ82w7YLxghz7fig6tshFvYJqBW7meOdWhZ3SMHTcLlpircdRzUgq1JIslBmdxaTx7xO1%2BPPoWw%3D%3D&nvMid=29030427586&catId=50000246
아이폰 13 프로 맥스 1TB [자급제],"1,996,380원",https://cr.shopping.naver.com/adcr.nhn?x=6upQB5ao9Q4yQc6C2hLZdv%2F%2F%2Fw%3D%3DskjYF8E2EY%2Fxq25%2Bi4loK%2BguX6oWQiFTlb7IMI3kmq0RWQE1WikGGRjsm7ORTamZ7GCVp2nwVc8ZKuMJvsj%2FsduMCM9OubBVdOnUmLev%2BV0sSbz9%2FlrwPBdEb5FILKbHZ%2FjyoDCqtTVOVAjP6iUqA4EPg%2F6PYJW9LpCSumzPJoiiI9aZyW4hhCgmcrsQhWGWGqB%2BYf8KVu5Lizs8e93TFS%2FKAXVfyDB1yTbVYYpYzcFnUHxlEatbmVq7jmztE%2FywsPDHGV3HDG2Suw9RrttO2AtstajnLQRWnGlOOlt9%2FpKgHs%2F2PHkpmvWjL2qy1nHubID6Dr7V2WKq66oZyNvzpzxiuScdiQ%2BCLBSXCwnmfUo1KjRp2D9pkBhcJdqPQCXkTJTyOtdpNmqs6E%2FnW3NDtTp%2B%2BVhvuuFDPvui3JKbA2YYLSv5SYzis5SVdiBAX6a8RKlG0H56J6GhRAoCVIyo%2FGYbfiYx3dBtkHHcpo4O536TlE80KNwbfNxekQsGJejRksTXhzeKkynwlV5iG42bUw6rd2eqhQaB6ts%2F980278lAILlOQPtuHp3iZZzVovHs1v4YGjJCSIW1IvBxXT1wG93wYRHVUejl2rTpCUxcAeVm8uuKx2lWqXX9cpC0sVk%2BDHRyPBWbUFRhWScTsgQynPg%3D%3D&nvMid=29029192590&catId=50001519
아이폰 13 프로 맥스 512GB [자급제],"1,852,000원",https://cr.shopping.naver.com/adcr.nhn?x=0CAD69dxpX3RHCfyxXYHo%2F%2F%2F%2Fw%3D%3DsuIVJiMGKNgi1udzN1VUGQSrl%2Bj5q2ACwx8MYynIn4c9hJz9H0Ub4KLvuVTVtNMxM1pdbUUDwq%2FoHEOvsacncW598k1uvEIxswhmbKWsY7R%2FAJzOvmDnqmDzJzHW5np2%2BlSJIkTuyt%2FggGxpAbLChGMi30QtKP1mA7BYZPpxeJLexWvZfe2todmJfmpbNrXnqmD3tRrdK1cFWEMxpF2wcAbix7jXt7MNVc9AIu4EfDZlNEwRr%2B3STfYHGn%2FB5b3e4RG3lqS1W%2BBzlwmvt%2FtNuzBBO3RA6y4v5%2BVXwmhP2R1cQhkkHXK4%2FmSRy5icYE%2F27BW36r4QZshREfg%2B3vq7RNio3RI%2BJbxIQ0R1d0ImJMLU6JIeyjRJJG8AQSjlBThBKRuaDR2LrEXFDwvTptY5wkcumofbXYj946r2GYPS3uK4iNvEAyH7XT6ObGe95mRdUsw%2FEBFoDxdMAZ4HSpGP%2F1ooxK4oNyEnYnImnO7rEtZEWD%2BrNa4qE%2Bx%2FvqVwvK7Ta8jR8gVF8FlQ9pItE8Zzc8kDcOTltB%2BSxWBB9IUfXZmq32rbGERZMW8o95bRikGYnYnHIcETcJifOE8sb44IMxWQRCDhgGs500yh2RyUJcc5HhuYRLuMjEYWxBLtqz9CwaGimR4pR27mrh1IoDTOSgA%3D%3D&nvMid=29029192586&catId=50001519
아이폰 13 프로 512GB [자급제],"1,744,190원",https://cr.shopping.naver.com/adcr.nhn?x=6QLvC5j9%2BBe9e%2BO0bVuyQf%2F%2F%2Fw%3D%3DszLwRpNuP4fBlV4JPf1EVvU0gVS8n2OiMjRGg5TOxfyVWQE1WikGGRjsm7ORTamZ7%2FxYdaE7H1m%2BqP9AtngRbR%2BMCM9OubBVdOnUmLev%2BV0sSbz9%2FlrwPBdEb5FILKbHZ%2FjyoDCqtTVOVAjP6iUqA4EPg%2F6PYJW9LpCSumzPJoiiI9aZyW4hhCgmcrsQhWGWGidrGyrdYG9xYKiUSnB31wfKAXVfyDB1yTbVYYpYzcFnUHxlEatbmVq7jmztE%2FywsPDHGV3HDG2Suw9RrttO2AtstajnLQRWnGlOOlt9%2FpKgHs%2F2PHkpmvWjL2qy1nHubQRY1QGAzdCqh2k8NvxC0VXI25%2FcFThkh2sYO66JdPD9KjRp2D9pkBhcJdqPQCXkTMM1plBQtkhaEWAH4rmffCKPHigOo5xnKft8ZmnUA%2Be4LSv5SYzis5SVdiBAX6a8RKlG0H56J6GhRAoCVIyo%2FGQ4xrz0M7tNFmv3r6OCk%2BJWZZd0C6e2Zyps4U6T5DErBvcQeIaAGIIQRnJcrzv7qxY9231KZB3EhI2VdmSo56pNP4PMPHCnudPTZjGRUD3iUYhiMzkq3v9z%2BxQAWwhRfiIgF4cPrztGPUSA%2FRKt%2BJrEDfkLIyuldBS3f8m8e6nLmzUhNzs2VE%2B%2Bisqs3JAEppg%3D%3D&nvMid=29030416587&catId=50001519
아이폰 13 512GB [자급제],"1,499,990원",https://cr.shopping.naver.com/adcr.nhn?x=3dB5ojYHDah0nttxglb%2B8f%2F%2F%2Fw%3D%3DsFcrC%2F1eGhD8H6si72hBFTH73aPROpL6lS%2FZYEFe7dkcbsBKbbjTB%2BBCjsLv6tz%2BjkgIb5ptc5z9WUEu%2F3J9TIZTCTpOXE0rs1RdSKFUk6dWyrTll%2BKl0CTSkz1vIC4GdSdk6%2B1BExpNpKpazKqt4DEgAn8lD2%2BxrgblrBqYwPdWug%2B9sjA7rHdeMLkY%2BwIMUMitlUrK3fytmuS7rXutm0DQZD6UDT51Dg8nNb9lI8fV%2BFLPJmN7kd5F0maTGsL0cDkcw4Z3Wr5a8mnMGkKMyzK%2BpHLMIpPxfzLcIJvDr%2BZOk6v2w9jBqMGR4TTsgYaQnlII%2ByYYqWVu3SSXxcjEJdNCEXIhRKeRIZcpNYV4zN4xqLzcRVswO%2FNXTrA15l4GNbF4OZVL2Q%2FcwuxYvViSThyoGc6Gx0l9THSC4kYF%2FIsKcPfwzF9ktWcxdrcTtO8KUh7eRXhvx%2B18MP%2FzLgC0qJdftVPDTrCb5MCMk6RiDCmAlDv77rgQoH8LCOsgmhGGjhejKyKKQJPosYkFFU2iKXjbnNuda%2B9T11YSlGqpDIBNRN64mBm9G8QruBkLDcHT6%2FEz2RfhfsUtgxIZmUnaQVe%2B4aBwyk2QsaICz4foms9BWhZ3SMHTcLlpircdRzUgq1JIslBmdxaTx7xO1%2BPPoWw%3D%3D&nvMid=29030496586&catId=50001519
아이폰 13 프로 맥스 128GB [자급제],"1,799,000원",https://cr.shopping.naver.com/adcr.nhn?x=ibtz9TwGx8G3j%2BkuQ71v4v%2F%2F%2Fw%3D%3Ds5bHQRWxEq%2BYJnliK2SkyRpvPbNDKQy49GVsjLByuHDpWQE1WikGGRjsm7ORTamZ7B7lZpvNXzUsUVlw7bdyCyOMCM9OubBVdOnUmLev%2BV0sSbz9%2FlrwPBdEb5FILKbHZ%2FjyoDCqtTVOVAjP6iUqA4EPg%2F6PYJW9LpCSumzPJoiiI9aZyW4hhCgmcrsQhWGWGhHspihOVp8HjBCkc%2F5FPbvKAXVfyDB1yTbVYYpYzcFnUHxlEatbmVq7jmztE%2FywsPDHGV3HDG2Suw9RrttO2AtstajnLQRWnGlOOlt9%2FpKgHs%2F2PHkpmvWjL2qy1nHubXaOLNeXfxHm5iGwN3httGCcgpHygycwa6sX%2BYcl2YFdKjRp2D9pkBhcJdqPQCXkTTnW3yIF%2Bz51ob0Yyo7%2FKwZ6XZBt1xwiSG7aryhXnhA8LSv5SYzis5SVdiBAX6a8RKlG0H56J6GhRAoCVIyo%2FGUAVJpqBLiiByEqDGwZ5AOMPVL%2B%2Frl5PLPXtI0kaP8PkmKdeEMdUbtmzDI4Aa7HQcYTSWbb45WGOg3KSJ9f0heBHdT2saKcSmQASmpgPvzxajr%2Fvhuz%2FM2bOeEg7k3nONepI8lKO%2BJlhbYIQrW9r%2FxIfM%2BV9%2FTEfcvQwv84QZF0xDhLBwu%2FFQS5xWYf5w6G3jQ%3D%3D&nvMid=29030367587&catId=50001519
Apple 아이폰 13 미니 256GB [LG U+],"506,490원",https://cr.shopping.naver.com/adcr.nhn?x=tJE8hp3h%2F8PduMHUeRRUG%2F%2F%2F%2Fw%3D%3DsKqxWGgXgkhGnfawSjvadObjRW%2B5B%2BTq6v%2BbsP2yub6tWQE1WikGGRjsm7ORTamZ7AQKGCPoXxkFzuNsYZa5aU%2BMCM9OubBVdOnUmLev%2BV0sSbz9%2FlrwPBdEb5FILKbHZ%2FjyoDCqtTVOVAjP6iUqA4EPg%2F6PYJW9LpCSumzPJoiiI9aZyW4hhCgmcrsQhWGWGxBB5hi6hqaEwsBLl9PcwYPKAXVfyDB1yTbVYYpYzcFnUHxlEatbmVq7jmztE%2FywsPDHGV3HDG2Suw9RrttO2AtstajnLQRWnGlOOlt9%2FpKgHs%2F2PHkpmvWjL2qy1nHub2aJT8eXgmbYVLzyXbph7rYM4dVpU3LuyU91aBHKXIZlKjRp2D9pkBhcJdqPQCXkTTnUIgeH15izfpnv9piWPIWAKkDbUxK9PwSPbjtOAtZkLSv5SYzis5SVdiBAX6a8Rg4OPtThFM2yPBsnrKnNGz0bE950AcFAxOwkJwjuM7u2E4FQdvRmo7oxOSvwywmchtRETK6Bnb%2BoT7fkYt66FHDpBXLSU4Mj%2BEx7wv508ObSIDf9TYDOC4LzgCehLsur5v67iBjeRsSkv94fvybMJtLgJDEOuBCjV99q7fqdmMlDNjqh%2FZemCCOboDhnweAmG&nvMid=29030376589&catId=50000248
Apple 아이폰 13 128GB [LG U+],"147,500원",https://cr.shopping.naver.com/adcr.nhn?x=D0pcE6Jhy5Aoj0ppwiH8Mf%2F%2F%2Fw%3D%3DsAL5%2FiD8P%2BTeiWIO%2BXKw5y5Qk3EJrlHFDQW5hKxcFLFYbsBKbbjTB%2BBCjsLv6tz%2BjBNIaSQPfhuU%2BcI78YX1KyDrfO4fNqUxxXSSOfUVqwxqyrTll%2BKl0CTSkz1vIC4GdSdk6%2B1BExpNpKpazKqt4DEgAn8lD2%2BxrgblrBqYwPdWug%2B9sjA7rHdeMLkY%2BwIMUFmk%2BqOAYZ5fpO5tbZSUWBjQZD6UDT51Dg8nNb9lI8fV%2BFLPJmN7kd5F0maTGsL0cDkcw4Z3Wr5a8mnMGkKMyzK%2BpHLMIpPxfzLcIJvDr%2BZOk6v2w9jBqMGR4TTsgYaQnlII%2ByYYqWVu3SSXxcjEJdMxAOGAInEaZgN%2BXbFLE27RqLzcRVswO%2FNXTrA15l4GNYd6P7bKnf6IN9iERvhRLC%2B1%2BegWRMkn%2FU8kc%2FUgriKecPfwzF9ktWcxdrcTtO8KUh7eRXhvx%2B18MP%2FzLgC0qJVMHs527vJHdFHIIKW%2Bc742jriJ8H0NV5nx9%2BVr0aUV2SYMM9uRdBnQAiewpLktugynBnlikA7L5rIoMqfrtZG5icchwRNwmJ84TyxvjggzFkyR2ns%2BKoH%2FCKmgkQLQuc8Jwl9I7YyyTIFDUzcxsw9FoaKZHilHbuauHUigNM5KA&nvMid=29030372586&catId=50000248
아이폰 13 프로 128GB [SKT],"1,183,300원",https://cr.shopping.naver.com/adcr.nhn?x=FLIYuP27ZaHlP2c26Kb7PP%2F%2F%2Fw%3D%3DsEc9oSZWFrF9oij7M5Sjj%2FVr1Jh4f8QJ6u%2B0Q6r2vRilhJz9H0Ub4KLvuVTVtNMxM5Y%2Fg46MHWRl3iArbT11zL598k1uvEIxswhmbKWsY7R%2FAJzOvmDnqmDzJzHW5np2%2BlSJIkTuyt%2FggGxpAbLChGMi30QtKP1mA7BYZPpxeJLexWvZfe2todmJfmpbNrXnqTzPueF0QA5sK5tSPiYqELLix7jXt7MNVc9AIu4EfDZlNEwRr%2B3STfYHGn%2FB5b3e4RG3lqS1W%2BBzlwmvt%2FtNuzBBO3RA6y4v5%2BVXwmhP2R1cQhkkHXK4%2FmSRy5icYE%2F27%2FhDyiXZ86Jo%2BZEQ64BV62ZUbqW1UsPoC8RJwuGZrnVI6JIeyjRJJG8AQSjlBThBKI4LX2ExoCUK9EE2u%2ByICs0WEh0pNn3CKdGSnP1%2Bc0KciNvEAyH7XT6ObGe95mRdUsw%2FEBFoDxdMAZ4HSpGP%2F1iPyGZXVC4%2BpXxewNqrW%2B3wYe1OqyckzwcdzigJZeXyj8GeP5QCF6mm4B5aN9MhUjBSTRf%2FzNcc6lvtvuIDPb3idSlPOZBN6V54TTL6u%2FzFsRGAH42RQxV7IsHw4AovglTvQdqUnxrCf5rvsxFCRcrDke%2FVP%2BgM94BPZkP5YJ%2Bex&nvMid=29030177588&catId=50000246
Apple 아이폰 13 프로 맥스 256GB [LG U+],"933,000원",https://cr.shopping.naver.com/adcr.nhn?x=VwYH6OActawJam0ZSkpMDv%2F%2F%2Fw%3D%3Ds%2B%2Bl3iCgFXjDqm6MDyd7cb0F5HjqUyomvJUqKuDaMxcBhJz9H0Ub4KLvuVTVtNMxMWAWv4BBRpUfvd65KDhPxxp98k1uvEIxswhmbKWsY7R%2FAJzOvmDnqmDzJzHW5np2%2BlSJIkTuyt%2FggGxpAbLChGMi30QtKP1mA7BYZPpxeJLexWvZfe2todmJfmpbNrXnqXLTN90WNo2bfYUnKxvyYpLix7jXt7MNVc9AIu4EfDZlNEwRr%2B3STfYHGn%2FB5b3e4RG3lqS1W%2BBzlwmvt%2FtNuzBBO3RA6y4v5%2BVXwmhP2R1cQhkkHXK4%2FmSRy5icYE%2F27ZC%2BSXUxwyLUckntucAABtTAQ7%2F9oWVbyQmFyNkg1BBo6JIeyjRJJG8AQSjlBThBK%2Fkpsg5AguUQPduruz0ll4Y%2FskBRmN3i8oAU582f4wewiNvEAyH7XT6ObGe95mRdUsw%2FEBFoDxdMAZ4HSpGP%2F1tL2yaoxAGlqznjSfaC69RlPJ5Cu9OOR3XG14JdkLoZkQbJE2qH6sAOiEA%2FCWTmW%2BywFJ8%2B4te9l4lvi2fND5S1Ro56XxrCfv9O%2BOzQIWuRSv4YGjJCSIW1IvBxXT1wG9ybhbwdPS0CCse3iHA5JBrC8uuKx2lWqXX9cpC0sVk%2BDHRyPBWbUFRhWScTsgQynPg%3D%3D&nvMid=29030190586&catId=50000248
Apple 아이폰 13 미니 512GB [LG U+],"448,000원",https://cr.shopping.naver.com/adcr.nhn?x=m4WT4K8DgmXRo%2BcT4yYOlP%2F%2F%2Fw%3D%3Dsn4dZoGkrcxn2m2hWnfCGZCELKTDJpb4Fmb2MU1ihGDxhJz9H0Ub4KLvuVTVtNMxM6r747uRsxU%2B7t5F2AlKw0Z98k1uvEIxswhmbKWsY7R%2FAJzOvmDnqmDzJzHW5np2%2BlSJIkTuyt%2FggGxpAbLChGMi30QtKP1mA7BYZPpxeJLexWvZfe2todmJfmpbNrXnqmNCzWTrruETuuT6FCzP1m7ix7jXt7MNVc9AIu4EfDZlNEwRr%2B3STfYHGn%2FB5b3e4RG3lqS1W%2BBzlwmvt%2FtNuzBBO3RA6y4v5%2BVXwmhP2R1cQhkkHXK4%2FmSRy5icYE%2F27ZC%2BSXUxwyLUckntucAABtSHSCXUN1st7oRyIu%2BtEgis6JIeyjRJJG8AQSjlBThBK%2Fkpsg5AguUQPduruz0ll4dny0ojKcnruLL%2FxY0eFFWsiNvEAyH7XT6ObGe95mRdUsw%2FEBFoDxdMAZ4HSpGP%2F1tMWT5qr2bRLwfdaGDVQfAUOTnITeXUIiGAT3tHOc0GbTKo5CnlLrO%2BPacbML5XxERwvgyjzgvRMTr%2Brs%2FxMxwIBhNg6pO%2F%2Bw6bSRwW%2FduOkLrN4FW4n%2FWSK6fBrtrgBAu%2FChvp8qu9N2UyKybFvaO9Xc50eBITwugSNPH3Ok09sVpGw61BSdoQRvEGgfFlc5w%3D%3D&nvMid=29030419586&catId=50000248
아이폰 13 256GB [SKT],"1,177,700원",https://cr.shopping.naver.com/adcr.nhn?x=DHca6j2VyMGYgt6eBUXZWv%2F%2F%2Fw%3D%3Ds%2FqFuIwgdBTPYt6%2BArV67oHv4NXof10LAsn%2ByGiB%2BZERWQE1WikGGRjsm7ORTamZ7M%2FkIYeSIheNow9IQtCyUMOMCM9OubBVdOnUmLev%2BV0sSbz9%2FlrwPBdEb5FILKbHZ%2FjyoDCqtTVOVAjP6iUqA4EPg%2F6PYJW9LpCSumzPJoiiI9aZyW4hhCgmcrsQhWGWGF0yULvcGqEZ%2BiPZ8rBfGbfKAXVfyDB1yTbVYYpYzcFnUHxlEatbmVq7jmztE%2FywsPDHGV3HDG2Suw9RrttO2AtstajnLQRWnGlOOlt9%2FpKgHs%2F2PHkpmvWjL2qy1nHubbyAvB9L6xvYGjmBemxtEH7b%2BwV%2FIpNFG3%2FBccpmY4DFKjRp2D9pkBhcJdqPQCXkTmXMsLVSaqrj%2FW%2BVAEodPfATwkV1g2zkYwMn7VCGN%2F%2BULSv5SYzis5SVdiBAX6a8R%2FCOsDULMzhyS3tcNpyUq6K%2BzvzZ4tc5GqLn69ZrpHFf1%2Fzkn4q3VtH6WgmLOAb4ZyQGYwl3VuBoO0ltUqESaGbruoVk0MBFhxmRFA1PBjClLb7Ezhz9YJsMdZwBMWSU9WpFRcEWcyGkZMfAgutHdEcovuJJHAGCwd0hLf0zko84GruH08DlKshetxY8KUEZb&nvMid=29030181591&catId=50000246
Apple 아이폰 13 프로 256GB [LG U+],"1,299,200원",https://cr.shopping.naver.com/adcr.nhn?x=bMuGUI2PNiAUD3q6vqz3AP%2F%2F%2Fw%3D%3DsGtrA3OC%2BWMLrLHHz%2Buu51t0XqIuRjYHucEOMUdsO7xphJz9H0Ub4KLvuVTVtNMxM73DeStg3RgTLyyZTJVUtPp98k1uvEIxswhmbKWsY7R%2FAJzOvmDnqmDzJzHW5np2%2BlSJIkTuyt%2FggGxpAbLChGMi30QtKP1mA7BYZPpxeJLexWvZfe2todmJfmpbNrXnqiHryMIa0vOlFa0dwxiKn27ix7jXt7MNVc9AIu4EfDZlNEwRr%2B3STfYHGn%2FB5b3e4RG3lqS1W%2BBzlwmvt%2FtNuzBBO3RA6y4v5%2BVXwmhP2R1cQhkkHXK4%2FmSRy5icYE%2F27BW36r4QZshREfg%2B3vq7RNqtRfXosdx%2BR%2B%2FsuL0NH4%2Fc6JIeyjRJJG8AQSjlBThBK%2Fkpsg5AguUQPduruz0ll4U0XXTojhdLODzwtmoPUyrAiNvEAyH7XT6ObGe95mRdUsw%2FEBFoDxdMAZ4HSpGP%2F1pTaU0MQMI4zwIlxH90%2Fo7QOTnITeXUIiGAT3tHOc0GbTKo5CnlLrO%2BPacbML5XxEbPBxpVWTiRzXw4NlskWAy1RN64mBm9G8QruBkLDcHT6crgqznHMlepOsBrcyCOp4nXsRa3BgsdfOdzuCOjHCSxWhZ3SMHTcLlpircdRzUgq1JIslBmdxaTx7xO1%2BPPoWw%3D%3D&nvMid=29030415586&catId=50000248
Apple 아이폰 13 256GB [LG U+],판매중단,https://cr.shopping.naver.com/adcr.nhn?x=w1Ga1FSv%2FqIX%2BuEiBw7bnf%2F%2F%2Fw%3D%3Ds0zM872OkXCy1DoMWfPuLSsKsDZEzig%2BoVu0MzFQgD2hhJz9H0Ub4KLvuVTVtNMxMkRXGwYZZN3CN0s79GsiM0598k1uvEIxswhmbKWsY7R%2FAJzOvmDnqmDzJzHW5np2%2BlSJIkTuyt%2FggGxpAbLChGMi30QtKP1mA7BYZPpxeJLexWvZfe2todmJfmpbNrXnqxxsm%2FS7PvYrIy2gc0Hbz67ix7jXt7MNVc9AIu4EfDZlNEwRr%2B3STfYHGn%2FB5b3e4RG3lqS1W%2BBzlwmvt%2FtNuzBBO3RA6y4v5%2BVXwmhP2R1cQhkkHXK4%2FmSRy5icYE%2F27ZC%2BSXUxwyLUckntucAABtdsra7yKIVAca4wMqjsqmA46JIeyjRJJG8AQSjlBThBK%2Fkpsg5AguUQPduruz0ll4Sovqt%2Fxp8GHPiARZ00A7PMiNvEAyH7XT6ObGe95mRdUsw%2FEBFoDxdMAZ4HSpGP%2F1sq7yU0cxS%2FkU7vQEWJm8b5cZ8pgTGru4bgUYhRhw82xrpubzBVnRhg%2FWClYySOLL5TL3ruaVJreZl%2BplMuLoOpz52ZBBYsPeJpbUlCx6RKWd3c7%2BmC%2BkPB6j4zwqat%2FlzocllCCMjxVKVs7VHzzMnYNUJgJp6CUXauCvW7Y5AjN&nvMid=29030189588&catId=50000248
아이폰13 미니 128GB 공시기준 Apple iPhone13 128G,"39,000원",https://cr.shopping.naver.com/adcr.nhn?x=vnplVbZmrrfnHX7MqhPwif%2F%2F%2Fw%3D%3Dsf3ZsGaUH%2FcRZnxigTf%2Bg24U8MUwKt5vOdLvrhI37OYFWQE1WikGGRjsm7ORTamZ7xee6DUJMvVaoQHJC9tGC0OMCM9OubBVdOnUmLev%2BV0sSbz9%2FlrwPBdEb5FILKbHZJf7YO%2BY4S7t4nWXRsuJebIVt7HLC8Wv00PZgURHygt5elejFdkqFTSchcszRHkry7n9Z%2BuRUt%2FSwtj0OuEdDOUUye1non%2FsiqEPPyopodAcIoA6P5y49ZXDdgn1G0KZ%2Fq4pZA3hvtay1NdVGnhX93YrHsbeStsmJBfOvK7DA6okYhLzaHCalVXnqQHNzdsJ1%2FPWp12QHyYZvUcCpV05ZLWH887x6xNbHl9QWC%2BIeyXIZ4jEICi3%2FPccHBZ7Dro5rzfNVo1KcSVSazeZg7M%2BAaYvBz4zGJ4Dd03VINL0OIC%2Bbw7avZzQMy7CAD70jlEmKCoCNLOzm7IzJwJ%2FAF%2FoJmU6yWx%2BJENghiPSEQ4lXs7sgg%2FJ7xyDS0qq1hMXek1B5TfPP3pFBGAA4TvRfdj3clbEKHCxBhmtMLJXh3NqRZK3abublbDnFuWdv5Jh0DRgT9DIawZFQ2oq9OEgXBBmSKW9TZjqEQTAbFzUBl8432wvhVEAf6wwM5tqtSh0bB5Hx&nvMid=38665575984&catId=50001519
[전시]애플 아이폰13mini 미니 128GB 자급제 스타라이트,"739,000원",https://cr.shopping.naver.com/adcr.nhn?x=4cyOiKp5FIyTx5MSEn8EH%2F%2F%2F%2Fw%3D%3DsU81%2BemYXmj%2F686FwZJahN%2FFIlY7wbHkxHC9ceRqDMcJhJz9H0Ub4KLvuVTVtNMxMWQUweJ7AkPugRX1%2Bd7cWjp98k1uvEIxswhmbKWsY7R%2FAJzOvmDnqmDzJzHW5np2%2BlSJIkTuyt%2FggGxpAbLChGDaSZny%2B1MgSfJG5ocTRQNj1rIvubP2%2F%2BNF2sTRY2hEVYGwkbPNrqgivP8F5%2FedtQvqLyo68BBwyIWzuRmrUV%2FBD4P%2Bj2CVvS6QkrpszyaIoCuwrUM2Vi5bq9fxYHuPhKRg0eXco4DdmroDXlzkEJKaRwQL1yYdaycHEymMTdJ0l2HvQrG1q57G6KIPveES%2FyCHpF4ebWNt%2FIdWPnOnk8mMKLvMWms5WxlLd8BZFjO%2FxCe2UVhNlXYeXSk5cGGGFo%2BvX4pYXmCQUXgbyceiAW927zJQq5v%2FiSLh5Puz%2ByESlst6D1gteqQeJkX9gCpWTBFenJwfsljAssY9e617%2FIq4WWpFbO4rrgnIL%2BsT8j%2By6%2FwxCT9qmyPv6feuJu9yFmA%2FtRs2MgkAFbAzurpTEm5Z2bePpwlKSeFLiOFrUhLgv%2FhmQAaCkpM9%2FRtWKXs8uNQtZEPd6uSRxtPfRQAAd12YOEsHC78VBLnFZh%2FnDobeN&nvMid=85266277029&catId=50001519
애플 아이폰13미니 iPhone 13 Mini 128GB 256GB,"766,080원",https://cr.shopping.naver.com/adcr.nhn?x=RJcoGKAn38Va5iAUtQIVOv%2F%2F%2Fw%3D%3DsF7zGB19meaJ44f6Gg0bWzteOiaxD5AlrJ56xLYV%2FLbBWQE1WikGGRjsm7ORTamZ7FeE8MgK%2F1hZlrbkajh1YmOMCM9OubBVdOnUmLev%2BV0sSbz9%2FlrwPBdEb5FILKbHZo8Ywyy980MJdLJ8xcec7U4t2ZA0FpVCmeDurkYF5cmwrsB9LRUriY4ptLC3ROCQurIvFAB3xLu5xaAjmfNLZBscnstz2uATWg6Kzd8nKMhNlVqv%2FlTI2k3kFIwUBhUXnmxxAyAtlfdmnvAEKHvzc3qsJF1TG8DXvuOXRWh2aiSE1QmeK3ZPITzKHcbEnR%2BI8jm42P5e7I9OBiI9Ssdpg7vkwHeOnVg7SsAA%2BcYxbWEnYe9CsbWrnsboog%2B94RL%2FIs5aa557hu0VGbtOhxrszyuyWJOKlH4xF5jyctgf9azDU34v7xmYzQ3HxujbqcX%2Bov8lem3Fbd4%2BnHxf%2Ff6fyH3M0WMRrb%2FqL9T3i6Ik3%2B9yKIuYjgwjRF2AXVtFckJNa0utn4Rmibd2YzzdxQMWgBrNep46O3UAmUCQXV29AS7cugiDh5S8n%2B7Rc0MeNuzgd9hxFmU%2ByTpX6NtNnBEEmKYbhs4SPvCWE4D7JSH81Qmjke%2FVP%2BgM94BPZkP5YJ%2Bex&nvMid=40982957102&catId=50001519
아이폰13미니 iphone 13 Mini 128GB 256기가 자급제,"870,170원",https://cr.shopping.naver.com/adcr.nhn?x=YsArid0ZbfQjnF5cDsIDGv%2F%2F%2Fw%3D%3DsI903jDQ88cHwV%2Fdymn64E%2FZyuV7jwvT2C%2BsV4PGHQ4JWQE1WikGGRjsm7ORTamZ7EDB0Sr3xLJi2H7aFtQ62x%2BMCM9OubBVdOnUmLev%2BV0sSbz9%2FlrwPBdEb5FILKbHZJf7YO%2BY4S7t4nWXRsuJebIVt7HLC8Wv00PZgURHygt5elejFdkqFTSchcszRHkryaLijLMA6fwNgot6i%2B1WbjbkI1XSZRsLNnaezcjA5TagIoA6P5y49ZXDdgn1G0KZ%2Fq4pZA3hvtay1NdVGnhX93YrHsbeStsmJBfOvK7DA6omG3z5acOBQA3kcZcyPFdXwFMd%2FB%2FOikLNG2XUW%2BZd4f2H887x6xNbHl9QWC%2BIeyXLBJhXkvfq%2BLYOnxdShBsMDzfNVo1KcSVSazeZg7M%2BAaXsYL%2F%2Fa8czzROJEfzdpjwHUx3gTe5uTOJfBhjy8BMcaa4G5a5IbWUKr5G0Cm0Tutm%2FJ396jwVCKpK%2FMXZSloZVQfSBgg%2F6Ia2FAJ6uTbeKWlQ8SYQRct68acFeMYiU1JimEzheSrB6vooBgHNaQHmcK92prF3LbsOsuuQOrwuvRUXzQjQPIayK%2FzOvoDsvmdmVtML99zpUNHLe2L0EV7wQGruH08DlKshetxY8KUEZb&nvMid=40985266718&catId=50001519
[애플] 아이폰13 미니 128GB 미개봉 새제품,"299,000원",https://cr.shopping.naver.com/adcr.nhn?x=Ysy%2B5jwD8dj60DgLq7QLy%2F%2F%2F%2Fw%3D%3DscDDIeUN2cFgDL5YxogFJO4BD%2BJ1M1ZU4P%2FObK0YKZlYbsBKbbjTB%2BBCjsLv6tz%2Bj7ZmhFvRM4lzMNVifcEWVgstqGSrANCCKdylz6diWCByyrTll%2BKl0CTSkz1vIC4GddUYiqabqQnHHbHqQuIKweCEZeoQHMcdY%2BBmIxWKmM6UYU9jgztfft7b6b5ZIhhGI5zq%2BSXh%2FmOUTYEDHT3kYiIsFwae0BHwdZpQbOfz6J3MVl0WxOMAE%2F9CY6NO8MUexWwhz15DQ%2FcjIzeuwEZ0DhSJiuf%2BuN2z0hTDr%2BqeT%2FloSp%2FYx06DQBolFh8fclK1K334rL%2BbR36BhYe0R%2FrUmjgBSTS1sRv49oBHxm%2Bxq6HjvICsg73pINKIjNL4KVhv7uLNrPD0NUtSeOyNE4FppARtX1KiGewk6njQXhFIriI2a6DBdKCSmcHwokaXwAXwTzfNVo1KcSVSazeZg7M%2BAaSdaq2HWzD93g6fv%2B2UykwnDzi6XcWNbvKq10qgktmbfvFKnDmKZIBkzNEHOC0SN06w7kvVBHBXiwL%2FWx7WAMJN0JRuAkYa42XRRPC4bgHNB6tBqTB92RE2YTEhm1SnsAS6CIOHlLyf7tFzQx427OB1EgI9TvPr90oPCfE16UCgRZDqDRSij7Av0kbPTE1UAhuR79U%2F6Az3gE9mQ%2Flgn57E%3D&nvMid=42395532273&catId=50001519
[아이폰] 애플 아이폰13 미니 128GB 미개봉 새상품 완납폰,"40,000원",https://cr.shopping.naver.com/adcr.nhn?x=75H00LabxAgazGvYrvyRyv%2F%2F%2Fw%3D%3Ds%2Fxc0%2FHjHYIJIonoowO6mVasVrn0bgVkyRPM6Tzk78%2F1hJz9H0Ub4KLvuVTVtNMxMpYg7QOQ9r3wPi%2Bq%2F6u5vcp98k1uvEIxswhmbKWsY7R%2FAJzOvmDnqmDzJzHW5np2%2BlSJIkTuyt%2FggGxpAbLChGMRtV6%2BUNMOsqshYZazgRclp4DGxJcjC91W15IQ6y0Ty%2Fo5zG0s4n5YIo4YIEXXTBbVkPn0oQGaenQy8E8eDpVFRLw8Z6Q7Rpdkf8SxexMJr1JttgEd83fK%2F7TSLaCwXKy9Pa8IYhajeHCflwyF%2B7hjbLWo5y0EVpxpTjpbff6SoB7P9jx5KZr1oy9qstZx7m00WSifDhOkunYDaz%2FA%2FvDDg3%2FfDvLqcvKqPB8z3czFuXa1PYAb0zmPF1cRoKRscXUqjXbu6fkjNrmyzyW71kreM6%2FPeWeWWSjs0yflBkenJRJEGEM279dXJHsRwRUYWD3woIi5WCIlKcL9MfdJdHHhX5ZHHzVIXbxXRrCiysWKGlTDrxYMQB7h73om7JESYotKLD3c%2Fgon2q3WDE%2BINCyY%2F1XUNHuY2CqZPSNLdGiZ7Trwp2xWz5ZSCPWLDzpGir6HsjI7sLDS%2BauWbGeAD1xRrWNLxRrWHCJoudYzHCivGqQUuoaWJqN%2FEKTa8tdAjoc3M0SuOpSzG1RBG29A%2B5PzXVKRe8%2FEIUv07%2BhtwRORUDVCYCaeglF2rgr1u2OQIzQ%3D%3D&nvMid=40016543647&catId=50001519
아이폰13미니 iphone 13 Mini 128GB 256기가 자급제,"898,000원",https://cr.shopping.naver.com/adcr.nhn?x=awqudspQMNkseTD3a1nITP%2F%2F%2Fw%3D%3DsysoLZXaYUOzRuhyshlaIDhqDotxOCN2szXhd4DBZA2ZWQE1WikGGRjsm7ORTamZ7x66kPVk2anNu%2BIjyj7gq3OMCM9OubBVdOnUmLev%2BV0sSbz9%2FlrwPBdEb5FILKbHZo8Ywyy980MJdLJ8xcec7UyzztiNeGgmURYtyCzXs5b3KyPU3hj7N4IHqdxeuX9DinUCqSIx115y%2BH9fQ0fdw0Nt0mRNK%2FOGS5nI5a6XGH%2BD3Tvyf%2B4fmPY7ouaASPjFRbynxoBdZv2ocKjTHzk7ENbdEBDWBVw0RlzrN2KxzOREkx63w5Tb7Pcz2gZr1HMMs4UD4F2kO9TBWQ5OdZ0rEbfziKuqi6lvlwe2gIVAf2UAlXTdy6Sn%2F2yromYu89VyUYrkKiJG56egujHxSFkmOU6Lr%2FHFlJ5gpa%2Fxt3hnvQVF%2FlLnJwMa7Bt8R2%2FUDqQrCMf9BQi9qTtriMf6wYhmv75JoGMW3BJ2uaFefyUo1WbqBzkUeIkmcrfmfbKHs8oAMUWnlxAMtIoN6QZNp%2FY0ug8hiOEMkp40Da67jMVTGcjvRaQXb6ZAw2PNB1%2FW%2Fi7lLXZ76KJZClTaLoisbxYrSEKF3GlOVXDHiJcVjv30i%2B%2B2eCV9X781%2Bj%2F1qryCSqaHqGiG0%2BMD09kVauJJ3YSFa1CG8o20NklAZlBGyJsWdkdS8F92cEGX%2B3v7AyMS%2B27YHy1Vhq%2FH77x9Zlr1IFzyuow%3D%3D&nvMid=40982595125&catId=50001519
애플 애플 아이폰13프로맥스 (13ProMax) 256GB 자급제폰 기기변경 KT 직영점,"520,000원",https://cr.shopping.naver.com/adcr.nhn?x=8Y8LomiE7xICix6oOiSyhf%2F%2F%2Fw%3D%3DsvbhCO5RsdH5xnKgkrGaB1Ee7sOmqzTGaJ%2BQ3CXz0ESdhJz9H0Ub4KLvuVTVtNMxMHeVILDBbo0pwi2H%2BTMPuoJ98k1uvEIxswhmbKWsY7R%2FAJzOvmDnqmDzJzHW5np2%2BJGrOzgctA6FdEs7N6zTmAiS3wIiOr3YtmM%2F3i%2BtSjwsecXWF1oTp6yntjphAHq0gJnOGC4HAhQ%2FXm0DuyiyG%2BjYVWLHDIo%2FSfS0hpZFFt7dkQB4peK%2Bw7tscE06HFw%2Fnal4oVSFtXynR83lGsOd3GB8gzReMuzgP6qfE6j7KvqcgYMz5we%2Bmq65enRy210JJy%2F6MHZ6u%2F5n6uuzlUc6JNEuUiTS4CHUtVxQrWeRhExiqkLD0zThclo0hYk7prxgBIBOWYrRKgKLDJ6BrANnpWv9F%2FIBQQYa%2Bq5505OTatqyxLxARUTzErWQFKCSUzhHCSGvyA3Mo4deUUDeSDOc2kwAP6gl69YB%2FB5rRAs4URuWXRNPxPpSY1spC2TsP7Gv%2BU3skQs2Odyu6BmBRNPze6KJa8xl%2FlIXfz9UJWcIRh6ZhEFizrLbxeHXnb8VO7bxZJFj6gj6fixO0fbfSkGKlXdqAQgYv5RTma7uqdzLu3VcpS%2FH4QUJzf32dtB9QrDdpa1jS8Ua1hwiaLnWMxworxq7HdWDBT4kBMIHxMo1BhROOspP49yb5G%2F0sAOvmh2BiOhyWUIIyPFUpWztUfPMydg1QmAmnoJRdq4K9btjkCM0%3D&nvMid=39558243727&catId=50001519
애플 아이폰13미니 128GB 자급제,"774,240원",https://cr.shopping.naver.com/adcr.nhn?x=RV01%2Fk6BibA%2F%2BfwxKcWed%2F%2F%2F%2Fw%3D%3DsGidoIKLD85BIC1NDJ%2FYD1qK0E3okwv18JZCmdl5ZM8ZWQE1WikGGRjsm7ORTamZ7F2UHz89copg76VyCfRDHi%2BMCM9OubBVdOnUmLev%2BV0sSbz9%2FlrwPBdEb5FILKbHZJf7YO%2BY4S7t4nWXRsuJebIVt7HLC8Wv00PZgURHygt5elejFdkqFTSchcszRHkryoJGd8vYYKddr%2FvvA9xBGUp8nSt64lMlb7Jw32olR3egIoA6P5y49ZXDdgn1G0KZ%2Fq4pZA3hvtay1NdVGnhX93YrHsbeStsmJBfOvK7DA6okjAcbJ1UOa5ee3I3Uh3JHDia9yAZWXQnxxYynk09eZx2H887x6xNbHl9QWC%2BIeyXIeB32uYVBggLCBXwQq0L4qzfNVo1KcSVSazeZg7M%2BAaXy6g8F%2BGfDgU%2FNa1Hahj4PQ0ihjVMQy36hQchmc6SY0t%2FaFy%2B3sF%2FfRnjPe25Eg%2Fo6qnS5LFE7mZownqhectmP6ZgB9Bl92BDIj%2BdfaNznCsQocLEGGa0wsleHc2pFkreZEORTz2POiZe02NZFPJRo%2FbCdCp3%2BxDGgLEQZPLlG6b1NmOoRBMBsXNQGXzjfbC%2BFUQB%2FrDAzm2q1KHRsHkfE%3D&nvMid=41788815604&catId=50001519
아이폰13프로 iPhone 13 Pro 128GB 256GB 512GB,"1,141,490원",https://cr.shopping.naver.com/adcr.nhn?x=UfKzWTaYq6W%2BjY6r%2B8bR0f%2F%2F%2Fw%3D%3DswTTbUe9W0MhSco6bXkBOVH9LPA9vX0eHgJUfVaqIOzdhJz9H0Ub4KLvuVTVtNMxMgQZmoJzuPOEgtX6ZuACBj598k1uvEIxswhmbKWsY7R%2FAJzOvmDnqmDzJzHW5np2%2BJGrOzgctA6FdEs7N6zTmAl3E%2FRIJOlCm0lU0Oz1A2wTgv6Uqdx%2BQ4rufvoPK93htM7wIWGazB%2BbAvL3PteCoPruEGc5G%2BMz%2Bxi%2BD05CP1Hfcl2EUe%2BAyTQHzcCgE%2FhKlFymVVvj357ODdNgwZEpLxcHPv45Edr5fvvv%2FlTzZa4VcdT6s2RN2Tk6%2FCn7oaYKkQtf9A%2FWiefwFzrAeOVxcs1hkUshswqQI4dLspz8OD32UlIrDt%2B0gQmi2cSiRr5ynCeENXxG6MEMwhBIt0V9Of0UEsi1xEWxcc0zz8%2FFye8b7pUnKr7yb4tf4v3%2F43H2nYAwH4WDbc1tf7J%2FxPQ1f9pqJcZfNUig4g2NrDulsmq%2B%2BeKczNkRGc3KfrYfPs6UseO1mYbcHZkgfkX8vpb02BGU3N0kWCShHUw4vdlvoRYVr8lzB4Si3D%2FpXDnid2tyBVxY%2BeUTDfjGMs39YmzCkPVdznR4EhPC6BI08fc6TT2xWkbDrUFJ2hBG8QaB8WVzn&nvMid=40985350690&catId=50001519
해외애플 아이폰13미니 128GB 미국판 직구 무음 자급제 공기계 미개봉,"912,000원",https://cr.shopping.naver.com/adcr.nhn?x=QdQoMWDK8EeLb5e8%2FY8Io%2F%2F%2F%2Fw%3D%3DszTRCHQmpR0eunmlFr2auqBoIcubsxfYMkGZtlzWaDsEbsBKbbjTB%2BBCjsLv6tz%2BjYxUctMlGwV5NHo3tmrf0REiaOIgDR3tgR3vAQ6y4tXayrTll%2BKl0CTSkz1vIC4GdSdk6%2B1BExpNpKpazKqt4DIZYgwI2fs40XR%2FERq%2FGNyfWK4fiV391hyKbNzjTTmNIVpwqXsgPSetRSvRRkwB2YpscQMgLZX3Zp7wBCh783N6rCRdUxvA177jl0VodmokhNUJnit2TyE8yh3GxJ0fiPBWVmQYV3nC9VKVp%2BGUmzG%2BLKS4ZqNwtfZC9SHJfXQqjf5S5ycDGuwbfEdv1A6kKwvwKsQXY%2FNQoU5Xulq%2FYy8jZaQwE0nLYodRIJCPa7NyKB3NE5VcqPvQCwJUFU0Myv%2FNsdjnqchz2mZNAcYeusaaZLx9KlrfhklkSueR%2Bxl9aoptF0Zau4gZTLMIfad1mftbYQdvcutSX6Oqxjoc5VLlFW%2BXRnNvU1JQ8KntXNrb6XjgYw4Ltvubria2BvofEMmCoqK8h2a01MvPNelTFU0KxChwsQYZrTCyV4dzakWSt73Ld9rL%2FMU2Bp33kF2hadqwKM1OXjwXuZVygKod5Rr3aRhqQyLOxL9%2FkIdr%2FLC6TDhLBwu%2FFQS5xWYf5w6G3jQ%3D%3D&nvMid=84830466060&catId=50001519
아이폰13프로맥스 iPhone 13 Promax 128GB 256GB 512GB,"1,354,670원",https://cr.shopping.naver.com/adcr.nhn?x=YvZcYYn%2FXft%2Fwpw1WKJ31v%2F%2F%2Fw%3D%3Ds6IscPkdGrVo5nBB1r1oBS%2BmnovWnbxCsJr5HlhwXsT4bsBKbbjTB%2BBCjsLv6tz%2BjaazR0VDS4vWrE0TJJxWlyaeP0z%2FuWIdyas3VT61mL8eyrTll%2BKl0CTSkz1vIC4GddUYiqabqQnHHbHqQuIKweLdv4wGVAwhShofcVr3vK9Gp25qtsdEBeZkepXlRCqu69o2TsZ9wfJ1ziQEiR10YXpa43jwEuGKV6R2leYQHdM595xwbAYnsL0W%2BAwCBGOF8JMkmuHEILbj7oKEKO8wFUmvqR2unsG9Pw6XBns%2FftjJmn%2B6FVZ%2Fm0w7K7lHYQAO7TO1ctxCF6Gn5TgYZm%2FJIu8e9j9TM33g7MivnAbc9%2BIB5XnMJ6a5IQLhZZ%2BQhZEgqyn7SU0HWAcHznBWFURzKo6sGE4uyxhKsa2R7hguA1VXhUDoPtl7VoCslhtp73N2MP8ylv91%2FtZ8r6P%2FQaHpdJx77jXY3ehzJqnKujlOYV6W5kp2i2MrlMGZvWbZdy%2BvHZgRZMEE7D5r1RB0uChNrwMTaGFGvcz10pd%2B4%2BavoQwaPBimPDZwOttZjcrwUclZ92uO03UVC0PxZ9u1fGsgQPwAXqp4gcnXEnAGRTeKbn8doaKZHilHbuauHUigNM5KA&nvMid=40985196194&catId=50001519
해외아이폰13 미니 128GB 언락 자급제폰,"699,000원",https://cr.shopping.naver.com/adcr.nhn?x=ygU1Yycucv59DpIa0HG%2BA%2F%2F%2F%2Fw%3D%3DsNM1ubo83LTyzlHEeBD1pRYU%2B%2BMlUuPdBy93cJV1azLlhJz9H0Ub4KLvuVTVtNMxMzQUTDbrYBV%2FIPfxFpkvmhZ98k1uvEIxswhmbKWsY7R%2FAJzOvmDnqmDzJzHW5np2%2BlSJIkTuyt%2FggGxpAbLChGDaSZny%2B1MgSfJG5ocTRQNj1rIvubP2%2F%2BNF2sTRY2hEVBZiuqzMtwFritcoksss9iPqLyo68BBwyIWzuRmrUV%2FBD4P%2Bj2CVvS6QkrpszyaIoCuwrUM2Vi5bq9fxYHuPhKa0%2B7OZ0%2FdjTSalSs1uAzVeMszvtoP32v%2Fh2G7tS2uur6nYt0P5vFdgOY0ddt5wMGWE3QCv3Dma7BspM5fKDHa9NskC4WHHnjtoeyTTrpn%2B0oaOO0KWShKrA7Zhi2YMHidAZGYnL%2FBrZ%2FtrYY%2FGEXO9cDK5a8TRoH7hCKHIOLQ%2B6XZ76KJZClTaLoisbxYrSEH3lG%2FyzOQWLdiGkGoNh9mk81Gi44tUFH1uRUKbnASPQt1NBMQpPNI9U4cQDnbKeujgpd0e26mb1JZOjdZBBXSlUn4SPAsAMOfeihlcyp6siVoWd0jB03C5aYq3HUc1IKtSSLJQZncWk8e8Ttfjz6Fs%3D&nvMid=86473182724&catId=50001519
애플 아이폰13미니 256G 자급제 새제품 공기계,"269,000원",https://cr.shopping.naver.com/adcr.nhn?x=XjdWCNarMfWpZ3QX5tXcAf%2F%2F%2Fw%3D%3Ds7VDUzl50dQOF8WqxxZcZsZ5X%2FAq9A1scQqMXf1VTFTgbsBKbbjTB%2BBCjsLv6tz%2BjyrRXgEkMDIR6RINKIaK8%2BO4SKpnkXDMz7hbubwms9M2yrTll%2BKl0CTSkz1vIC4GddUYiqabqQnHHbHqQuIKweLdv4wGVAwhShofcVr3vK9Gp25qtsdEBeZkepXlRCqu6ASMuOGiRAOt5vhoZ7S5sq6%2B2gnOL7msx4VI5xGC6%2BJd95xwbAYnsL0W%2BAwCBGOF8JMkmuHEILbj7oKEKO8wFUmvqR2unsG9Pw6XBns%2FftjJmn%2B6FVZ%2Fm0w7K7lHYQAO7vHUGtZwweS0TU6VJw0EK78e9j9TM33g7MivnAbc9%2BIBa4lqWNVgtRJnEzlcuNUfHUagUKhZzSp4pfVGyKj0Jr4qqUq%2FLTjZyCoQ3eg1hlrtXIt49p%2FPAnsglhYb168Ag0jlzIEi0BibHULA8dwyD2OAD9Ah6coldFfBlh5n9l0GiV%2B%2FBfk%2FaFwF5c9G6r8eYGmyimzul%2FwzhQCXdppCn5GKBSsy1MAnVBsthQEEJ8NiPBimPDZwOttZjcrwUclZ9Str79SmFMr%2BAeQ%2BeMAr%2BmNdZjUrtQ6yKPVZAt3qAqj1oaKZHilHbuauHUigNM5KA&nvMid=39992482812&catId=50001519
아이폰13미니 iphone 13 Mini 128GB 256기가 자급제,"862,080원",https://cr.shopping.naver.com/adcr.nhn?x=Vkd2%2Ft2RCH5qWYswkElfhv%2F%2F%2Fw%3D%3DsHTnNwNtcL4jlvFBM35gnmspez0WeJZGksdsPmnFF0BZhJz9H0Ub4KLvuVTVtNMxMPYzcwgbTj3nYun62Slo6H598k1uvEIxswhmbKWsY7R%2FAJzOvmDnqmDzJzHW5np2%2BlSJIkTuyt%2FggGxpAbLChGLDXn0IDLBCgN%2FK3%2BGwmqM%2BpFjjh%2FGPU%2BK9K7OXF%2BaHk0eX6N0xSuoVW6n8HgFyAbyZYm1hg7ur4T4iZf%2F7TDsXA0Loqye2Z6POn8hUmcVKx1V6UXADAKy0NeIChPDtqNquKWQN4b7WstTXVRp4V%2Fd2Kx7G3krbJiQXzryuwwOqJ%2Byl2t3wjb8lis9%2BkEFRiKJcgnTHTp6Bmc9FXls6efet%2FlLnJwMa7Bt8R2%2FUDqQrCKWVoSXnnG%2BEnDtqmGcjJQ7Ppey9gk1g3zju2NlpRvC6BzkUeIkmcrfmfbKHs8oAMUWnlxAMtIoN6QZNp%2FY0ug8hiOEMkp40Da67jMVTGcjvRaQXb6ZAw2PNB1%2FW%2Fi7lLXZ76KJZClTaLoisbxYrSEN01Pc79rqO3gR7%2FPpH06t3106yLlCB%2B5mBWRsgW8K1RhgL9sQPcYLlZAiSaaH3d7lq3%2Bbjorl67LoA2e0z8emmDByGkcgbIlK3gzg8fiKCuDhLBwu%2FFQS5xWYf5w6G3jQ%3D%3D&nvMid=40983851141&catId=50001519
아이폰13 iPhone13 128GB 256GB 공기계 자급제 A2633 핑크,"889,000원",https://cr.shopping.naver.com/adcr.nhn?x=PlYcK3y%2BGPoWk5rdw1LHCf%2F%2F%2Fw%3D%3Ds%2FhPGDRrdD6bqtx7zV2s3FBGfGnqeCAfH5Y5S9W4hDzFhJz9H0Ub4KLvuVTVtNMxMda2ngc6JjBgdMXRZBTSJdJ98k1uvEIxswhmbKWsY7R%2FAJzOvmDnqmDzJzHW5np2%2BlSJIkTuyt%2FggGxpAbLChGG3JzeXxkSdTecfUR4%2FvRQjd%2BKwjnmE8nmku4yNhWgwh6KepO0V5Nh22DuXhkqXKbJKCHcr24bejaej2yR6aUgFGznw4ZL%2FEkSnf4WZ5PEvkNYfcSwVDqdhvW2vzKZc%2BLdFMhvDS2vVZnmjzBVY3ftDrH9ilahZJwSS3G3f8pqinkL4fTXNufXD%2F8gMdkan98RcplVb49%2Bezg3TYMGRKS8XBz7%2BORHa%2BX777%2F5U82WuFVpr5PihDD5%2BgWcDDizNkCGJoPyMIJTXVDRECq6GqAdeGpC%2FCZH%2BqVPSNC41s4%2BvCYF56l4OWTa%2FcZhdWkFemW9%2BSVwJgcoduMVu9fnSYGkSRwmEFTS5NbnE2OGexLVOFXB%2FIfKEFUQGQEHPZL%2Fz5dNj69kzSNb7mB7g7E5RbCy7%2Bu4v9mcatAd2Nd2x8jcAA6Jz8wez1B6MWy4y0%2BNdenn0bOlWrJo5nNcWw1mG7fmeiCt9meAKGwEq0vD8RE0uP05%2FiL3MWsFcTbnjz%2FZLXrVLykMh1iHz4bNOnf5Zte1w2dqQ0oKXA1cznKLRKC2tsTOdygG0DMlKIPhPA%2FKBC%2FkHQIiXcF4qwUXZ2sX76wW8%3D&nvMid=42742915697&catId=50001519
